Visitors,Museum names,Year
16265,Avila Adobe,2018
14718,Avila Adobe,2018
19001,Avila Adobe,2018
18966,Avila Adobe,2018
25173,Avila Adobe,2018
22171,Avila Adobe,2018
23136,Avila Adobe,2018
20815,Avila Adobe,2018
21020,Avila Adobe,2018
19280,Avila Adobe,2018
17163,Avila Adobe,2018
3910,Firehouse Museum,2018
3306,Firehouse Museum,2018
5225,Firehouse Museum,2018
4535,Firehouse Museum,2018
8013,Firehouse Museum,2018
4635,Firehouse Museum,2018
4191,Firehouse Museum,2018
4866,Firehouse Museum,2018
4956,Firehouse Museum,2018
4622,Firehouse Museum,2018
4082,Firehouse Museum,2018
2477,Chinese American Museum,2018
2710,Chinese American Museum,2018
4529,Chinese American Museum,2018
2750,Chinese American Museum,2018
4960,Chinese American Museum,2018
2518,Chinese American Museum,2018
2620,Chinese American Museum,2018
2409,Chinese American Museum,2018
2146,Chinese American Museum,2018
2364,Chinese American Museum,2018
2385,Chinese American Museum,2018
5837,America Tropical Interpretive Center,2018
5705,America Tropical Interpretive Center,2018
4909,America Tropical Interpretive Center,2018
4650,America Tropical Interpretive Center,2018
5626,America Tropical Interpretive Center,2018
4694,America Tropical Interpretive Center,2018
4718,America Tropical Interpretive Center,2018
3891,America Tropical Interpretive Center,2018
3180,America Tropical Interpretive Center,2018
3775,America Tropical Interpretive Center,2018
4562,America Tropical Interpretive Center,2018
18792,Avila Adobe,2017
14035,Avila Adobe,2017
20680,Avila Adobe,2017
25234,Avila Adobe,2017
30029,Avila Adobe,2017
22169,Avila Adobe,2017
30831,Avila Adobe,2017
27009,Avila Adobe,2017
23403,Avila Adobe,2017
22164,Avila Adobe,2017
17629,Avila Adobe,2017
18339,Avila Adobe,2017
3551,Firehouse Museum,2017
3491,Firehouse Museum,2017
5273,Firehouse Museum,2017
5320,Firehouse Museum,2017
8733,Firehouse Museum,2017
4862,Firehouse Museum,2017
5242,Firehouse Museum,2017
5379,Firehouse Museum,2017
4484,Firehouse Museum,2017
4822,Firehouse Museum,2017
4613,Firehouse Museum,2017
4448,Firehouse Museum,2017
2139,Chinese American Museum,2017
5966,Chinese American Museum,2017
3273,Chinese American Museum,2017
5585,Chinese American Museum,2017
2946,Chinese American Museum,2017
2939,Chinese American Museum,2017
1784,Chinese American Museum,2017
1704,Chinese American Museum,2017
2419,Chinese American Museum,2017
2685,Chinese American Museum,2017
2768,Chinese American Museum,2017
4493,America Tropical Interpretive Center,2017
6271,America Tropical Interpretive Center,2017
6685,America Tropical Interpretive Center,2017
7556,America Tropical Interpretive Center,2017
6818,America Tropical Interpretive Center,2017
8675,America Tropical Interpretive Center,2017
6212,America Tropical Interpretive Center,2017
4607,America Tropical Interpretive Center,2017
6097,America Tropical Interpretive Center,2017
6757,America Tropical Interpretive Center,2017
6780,America Tropical Interpretive Center,2017